Workbook
Name HCed: Parameters!$C$4
Name HCedC: Parameters!$C$9
Name HCedLE: Parameters!$C$15
Name HCldC: Parameters!$C$10
Name HCldLE: Parameters!$C$16
Name PCed: Parameters!$C$3
Name PCedC: Parameters!$C$7
Name PCedLE: Parameters!$C$13
Name PCldC: Parameters!$C$8
Name PCldLE: Parameters!$C$14
Name RPed: Parameters!$C$2
Name RPedC: Parameters!$C$5
Name RPedLE: Parameters!$C$11
Name RPldC: Parameters!$C$6
Name RPldLE: Parameters!$C$12

Sheet Decision Model
C1: Decision Tree Model
C2: Decsion Problem: | F2: Which Follow-up Care Strategy is Cost-Effective?
B6: Tree Elements & Labelling
AG7: Costs | AH7: Outcome
C9: Decsion Node | AG9: =RPedC -> 3030 | AH9: =RPedLE -> 7
AA10: =RPed -> 0.35
C12: Chance Node | S12: =AA10*AG9+AA16*AG15 -> 8873.5
S13: =AA10*AH9+AA16*AH15 -> 3.425 | T13: LY
C15: Terminal / End Node | AG15: =RPldC -> 12020 | AH15: =RPldLE -> 1.5
AA16: =1-AA10 -> 0.65
C18: Branch Labels
AG19: =PCedC -> 3900 | AH19: =PCedLE -> 7
AA20: =PCed -> 0.4
C23: Root Node | S23: =AA20*AG19+AA26*AG25 -> 9240
S24: =AA20*AH19+AA26*AH25 -> 3.7 | T24: LY
AG25: =PCldC -> 12800 | AH25: =PCldLE -> 1.5
AA26: =1-AA20 -> 0.6
C28: Probabilities
C29: Cost
C30: Outcome
C31: Expected Cost
C32: Expected Outcome | AG32: =HCedC -> 6200 | AH32: =HCedLE -> 7
AA33: =HCed -> 0.45
S37: =AA33*AG32+AA39*AG38 -> 10710
S38: =AA33*AH32+AA39*AH38 -> 3.975 | T38: LY | AG38: =HCldC -> 14400 | AH38: =HCldLE -> 1.5
AA39: =1-AA33 -> 0.55

Sheet Parameters
A1: Description | B1: Name | C1: Value | D1: Source
A2: Probability of early detection in routine practice | B2: RPed | C2: =ROUNDUP(E2,2) -> 0.35 | E2: =1-EXP(-0.43*1) -> 0.34949091
A3: Probability of early detection in primary care | B3: PCed | C3: 0.4
A4: Probability of early detection in hospital care | B4: HCed | C4: 0.45
A5: Cost of early detection in routine practice | B5: RPedC | C5: 3030
A6: Cost of late detection in routine practice | B6: RPldC | C6: 12020
A7: Cost of early detection in primary care | B7: PCedC | C7: 3900
A8: Cost of late detection in primary care | B8: PCldC | C8: 12800
A9: Cost of early detection in hospital care | B9: HCedC | C9: 6200
A10: Cost of late detection in hospital care | B10: HCldC | C10: 14400
A11: Life expectancy of early detection in routine practice | B11: RPedLE | C11: 7
A12: Life expectancy of late detection in routine practice | B12: RPldLE | C12: 1.5
A13: Life expectancy of early detection in primary care | B13: PCedLE | C13: 7
A14: Life expectancy of late detection in primary care | B14: PCldLE | C14: 1.5
... A16: Life expectancy of late detection in hospital care | B16: HCldLE | C16: 1.5
A19: Sensitivity Analysis
A21: =B3 -> PCed | B21: ICER | C21: 0.36 | D21: 0.37 | E21: 0.38 | F21: 0.39 | G21: 0.4 | H21: 0.41 | I21: 0.42 | J21: 0.43 | K21: 0.44
A22: Primary Care | B22: =Results!F3 -> 1332.7273 | C22: 13136.364 | D22: 5759.0909 | E22: 3300 | F22: 2070.4545 | G22: 1332.7273 | H22: 840.90909 | I22: 489.61039 | J22: 226.13636 | K22: 21.212121
A23: Hospital Care | B23: =Results!F4 -> 5345.4545 | C23: 2250.5051 | D23: 2734.0909 | E23: 3355.8442 | F23: 4184.8485 | G23: 5345.4545 | H23: 7086.3636 | I23: 9987.8788 | J23: 15790.909 | K23: 33200

Sheet Results
B1: Expected Cost | C1: Expected Outcome (Life Years) | D1: Incremental Cost | E1: Incremental Effect | F1: ICER (per LY)
A2: Routine Care | B2: ='Decision Model'!S12 -> 8873.5 | C2: ='Decision Model'!S13 -> 3.425
A3: Primary Care | B3: ='Decision Model'!S23 -> 9240 | C3: ='Decision Model'!S24 -> 3.7 | D3: =B3-B2 -> 366.5 | E3: =C3-C2 -> 0.275 | F3: =D3/E3 -> 1332.7273
A4: Hospital Care | B4: ='Decision Model'!S37 -> 10710 | C4: ='Decision Model'!S38 -> 3.975 | D4: =B4-B3 -> 1470 | E4: =C4-C3 -> 0.275 | F4: =D4/E4 -> 5345.4545
