Workbook
Name Days_per_Month: Inputs!$B$6
Name Days_per_Year: Inputs!$B$5
Name Discount_Rate: Inputs!$B$3
Name label_curves: Inputs!$D$10:$D$16
Name Max_Time_Horizon__in_Years: Inputs!$B$8
Name Min_Time_Horizon__5_Years___60_Months: Inputs!$B$7
Name Patient_Baseline_Age: Inputs!$B$2
Name PD_Cost_Annually: Inputs!$B$19
Name PD_Utility: Inputs!$B$16
Name Per_Cent_Female: Inputs!$B$13
Name PFS_Cost_Annually: Inputs!$B$18
Name PFS_Utility: Inputs!$B$15
Name Treatment_Acquisition_Cost__Annually: Inputs!$B$20

Sheet Results
S3: Total Undiscounted LYs | T3: =SUM(T4:T5) -> 7.4239135
S4: Undiscounted LY PFS | T4: {=SUM(_xlfn.IFNA(Engine!Y10:Y609,0))*Days_per_Month/Days_per_Year} -> 3.3615917
S5: Undiscounted LY PD | T5: {=SUM(_xlfn.IFNA(Engine!Z10:Z609,0))*Inputs!$B$6/Inputs!$B$5} -> 4.0623218
S7: Total LYs (Discounted) | T7: =SUM(T8:T9) -> 5.5684022
S8: PFS LY (Discounted) | T8: {=SUMPRODUCT(_xlfn.IFNA(Engine!Y10:Y609,0),_xlfn.IFNA(Engine!H10:H609,0))*Inputs!$B$6/Inputs!$B$5} -> 2.7899028
S9: PD LY (Discounted) | T9: {=SUMPRODUCT(_xlfn.IFNA(Engine!Z10:Z609,0),_xlfn.IFNA(Engine!H10:H609,0))*Inputs!$B$6/Inputs!$B$5} -> 2.7784994
S13: Total QALYs | T13: =SUM(T14:T15) -> 5.294746
S14: PFS QALYs | T14: =T4*Inputs!B15 -> 2.8573529
S15: PD QALYs | T15: =T5*Inputs!B16 -> 2.4373931
S17: Total QALYs (Discounted) | T17: =SUM(T18:T19) -> 4.038517
S18: PFS QALYs (Discounted) | T18: =T8*Inputs!B15 -> 2.3714174
S19: PD QALYs (Discounted) | T19: =T9*Inputs!B16 -> 1.6670996
S23: Total Costs (Undiscounted) | T23: =SUM(T24:T26) -> 411747.86
S24: PFS Costs (Undiscounted) | T24: =T4*PFS_Cost_Annually -> 10084.775
S25: PD Costs (Undiscounted) | T25: =T5*PD_Cost_Annually -> 30467.414
S26: Drug Acquisition Costs (Undiscounted) | T26: =T3*Treatment_Acquisition_Cost__Annually -> 371195.68
S30: Total Costs (Discounted) | T30: =SUM(T31:T33) -> 307628.57
B31: Distributions in Use | S31: PFS Costs (Discounted) | T31: =T8*Inputs!B18 -> 8369.7085
B32: OS | D32: =Inputs!B10 -> Lognormal | S32: PD Costs (Discounted) | T32: =T9*Inputs!B19 -> 20838.745
B33: PFS | D33: =Inputs!B11 -> Lognormal | S33: Drug Acquisition Costs (Discounted) | T33: =T7*Inputs!B20 -> 278420.11

Sheet Engine
A1: TIME | K1: PFS | R1: OS | Y1: Health State Occupancy
A2: Cycle | B2: From | C2: To | D2: Mid | E2: Month | F2: Age | G2: BGM | H2: Discount | I2: Time Horizon | K2: KM | L2: Parametric | M2: Par. Hazard Rate | N2: PFS in use | O2: PFS BGM | P2: Par. BGM Correction | R2: KM | S2: Parametric | T2: Par. Hazard Rate | U2: OS in use | V2: OS BGM | W2: Par. BGM Correction | Y2: PFS | Z2: PD | AA2: Dead | AB2: Check
K4: =Inputs!B11 -> Lognormal | R4: =Inputs!B10 -> Lognormal
K5: {=INDEX(_xlfn._xlws.FILTER('Survival Parameters'!C5:C18,'Survival Parameters'!B5:B18=K4),1)} -> Mu | L5: {=INDEX(_xlfn._xlws.FILTER('Survival Parameters'!D5:D18,'Survival Parameters'!B5:B18=K4),1)} -> 2.6898593 | R5: {=INDEX(_xlfn._xlws.FILTER('Survival Parameters'!G5:G18,'Survival Parameters'!F5:F18=$R$4),1)} -> Mu | S5: {=INDEX(_xlfn._xlws.FILTER('Survival Parameters'!H5:H18,'Survival Parameters'!F5:F18=$R$4),1)} -> 3.58073
K6: {=INDEX(_xlfn._xlws.FILTER('Survival Parameters'!C5:C18,'Survival Parameters'!B5:B18=K4),2)} -> Log Sigma | L6: {=INDEX(_xlfn._xlws.FILTER('Survival Parameters'!D5:D18,'Survival Parameters'!B5:B18=K4),2)} -> 0.4150718 | R6: {=INDEX(_xlfn._xlws.FILTER('Survival Parameters'!G5:G18,'Survival Parameters'!F5:F18=$R$4),2)} -> Log Sigma | S6: {=INDEX(_xlfn._xlws.FILTER('Survival Parameters'!H5:H18,'Survival Parameters'!F5:F18=$R$4),2)} -> 0.5434347
K7: {=INDEX(_xlfn._xlws.FILTER('Survival Parameters'!C5:C18,'Survival Parameters'!B5:B18=K4),3)} -> #REF! | L7: {=INDEX(_xlfn._xlws.FILTER('Survival Parameters'!D5:D18,'Survival Parameters'!B5:B18=K4),3)} -> #REF! | R7: {=INDEX(_xlfn._xlws.FILTER('Survival Parameters'!G5:G18,'Survival Parameters'!F5:F18=$R$4),3)} -> #REF! | S7: {=INDEX(_xlfn._xlws.FILTER('Survival Parameters'!H5:H18,'Survival Parameters'!F5:F18=$R$4),3)} -> #REF!
A9: 0 | B9: 0 | C9: 0 | D9: 0 | E9: =D9/Days_per_Month -> 0 | F9: =Patient_Baseline_Age+(D9/365.25) -> 60 | G9: =INDEX('Life Tables'!$F$8:$F$123,MATCH(Engine!F9,'Life Tables'!$B$8:$B$123,1)) -> 0.00058083007 | H9: =1/(1+Discount_Rate)^ROUNDDOWN(A9/12,0) -> 1 | I9: =IF(E9<Min_Time_Horizon__5_Years___60_Months,1,IF(C9/Days_per_Year<Max_Time_Horizon__in_Years,1,NA())) -> 1 | K9: =$I9*IF($E9>_xlfn.AGGREGATE(4,6,'KM Data'!$B$6:$B$310),NA(),INDEX('KM Data'!$C$6:$C$310,MATCH($E9,'KM Data'!$B$6:$B$310,1))) -> 1 | L9: =$I9*CHOOSE(MATCH(K$4,label_curves,0), EXP(-$E9*EXP(L$5)), 1-((EXP(GAMMALN(EXP(L$5)))*_xlfn.GAMMA.DIST(EXP(L$6)*$E9,EXP(L$5),1,TRUE))/_xlfn.GAMMA(EXP(L$5))), IF($E9=0,1, IF(L$7>0,1,0) + IF(L$7>0,-1,1) * IFERROR(_xlfn.GAMMA.DIST((L$7^-2)*EXP(L$7*((LN($E9)-(L$5))/EXP(L$6))),L$7^-2,1,TRUE),0)), EXP(-(EXP(L$5)/L$6)*(EXP(L$6*$E9)-1)), 1/(1+($E9/EXP(L$5))^EXP(L$6)), 1-IFERROR(_xlfn.LOGNORM.DIST($E9,L$5,EXP(L$6),TRUE),0), EXP(-(($E9/EXP(L$5))^EXP(L$6))) ) -> 1 | M9: =1-(L10/L9) -> 0.012748939 | N9: =L9 -> 1 | O9: =L9 -> 1 | P9: =L9 -> 1 | R9: =$I9*IF($E9>_xlfn.AGGREGATE(4,6,'KM Data'!$E$6:$E$205),NA(),INDEX('KM Data'!$F$6:$F$205,MATCH($E9,'KM Data'!$E$6:$E$205,1))) -> 1 | S9: =$I9*CHOOSE(MATCH(R$4,label_curves,0), EXP(-$E9*EXP(S$5)), 1-((EXP(GAMMALN(EXP(S$5)))*_xlfn.GAMMA.DIST(EXP(S$6)*$E9,EXP(S$5),1,TRUE))/_xlfn.GAMMA(EXP(S$5))), IF($E9=0,1, IF(S$7>0,1,0) + IF(S$7>0,-1,1) * IFERROR(_xlfn.GAMMA.DIST((S$7^-2)*EXP(S$7*((LN($E9)-(S$5))/EXP(S$6))),S$7^-2,1,TRUE),0)), EXP(-(EXP(S$5)/S$6)*(EXP(S$6*$E9)-1)), 1/(1+($E9/EXP(S$5))^EXP(S$6)), 1-IFERROR(_xlfn.LOGNORM.DIST($E9,S$5,EXP(S$6),TRUE),0), EXP(-(($E9/EXP(S$5))^EXP(S$6))) ) -> 1 | T9: =1-(S10/S9) -> 0.0065313613 | U9: =S9 -> 1 | V9: =S9 -> 1 | W9: =S9 -> 1 | Y9: =N9 -> 1 | Z9: =U9-N9 -> 0 | AA9: =1-U9 -> 0 | AB9: =SUM(Y9:AA9) -> 1
A10: 1 | B10: =C9 -> 0 | C10: =B10+Days_per_Month -> 30.4375 | D10: =AVERAGE(B10:C10) -> 15.21875 | E10: =D10/Days_per_Month -> 0.5 | F10: =Patient_Baseline_Age+(D10/365.25) -> 60.041667 | G10: =INDEX('Life Tables'!$F$8:$F$123,MATCH(Engine!F10,'Life Tables'!$B$8:$B$123,1)) -> 0.00058083007 | H10: =1/(1+Discount_Rate)^ROUNDDOWN(A10/12,0) -> 1 | I10: =IF(E10<Min_Time_Horizon__5_Years___60_Months,1,IF(C10/Days_per_Year<Max_Time_Horizon__in_Years,1,NA())) -> 1 | K10: =$I10*IF($E10>_xlfn.AGGREGATE(4,6,'KM Data'!$B$6:$B$310),NA(),INDEX('KM Data'!$C$6:$C$310,MATCH($E10,'KM Data'!$B$6:$B$310,1))) -> 0.974 | L10: =$I10*CHOOSE(MATCH(K$4,label_curves,0), EXP(-$E10*EXP(L$5)), 1-((EXP(GAMMALN(EXP(L$5)))*_xlfn.GAMMA.DIST(EXP(L$6)*$E10,EXP(L$5),1,TRUE))/_xlfn.GAMMA(EXP(L$5))), IF($E10=0,1, IF(L$7>0,1,0) + IF(L$7>0,-1,1) * IFERROR(_xlfn.GAMMA.DIST((L$7^-2)*EXP(L$7*((LN($E10)-(L$5))/EXP(L$6))),L$7^-2,1,TRUE),0)), EXP(-(EXP(L$5)/L$6)*(EXP(L$6*$E10)-1)), 1/(1+($E10/EXP(L$5))^EXP(L$6)), 1-IFERROR(_xlfn.LOGNORM.DIST($E10,L$5,EXP(L$6),TRUE),0), EXP(-(($E10/EXP(L$5))^EXP(L$6))) ) -> 0.98725106 | M10: =1-(L11/L10) -> 0.053665268 | N10: =$I10*MIN(N9,U10,P10) -> 0.98725106 | O10: =I10*O9*(1-G9) -> 0.99941917 | P10: =$I10*P9*(1-MAX($G9,M9)) -> 0.98725106 | R10: =$I10*IF($E10>_xlfn.AGGREGATE(4,6,'KM Data'!$E$6:$E$205),NA(),INDEX('KM Data'!$F$6:$F$205,MATCH($E10,'KM Data'!$E$6:$E$205,1))) -> 0.992 | S10: =$I10*CHOOSE(MATCH(R$4,label_curves,0), EXP(-$E10*EXP(S$5)), 1-((EXP(GAMMALN(EXP(S$5)))*_xlfn.GAMMA.DIST(EXP(S$6)*$E10,EXP(S$5),1,TRUE))/_xlfn.GAMMA(EXP(S$5))), IF($E10=0,1, IF(S$7>0,1,0) + IF(S$7>0,-1,1) * IFERROR(_xlfn.GAMMA.DIST((S$7^-2)*EXP(S$7*((LN($E10)-(S$5))/EXP(S$6))),S$7^-2,1,TRUE),0)), EXP(-(EXP(S$5)/S$6)*(EXP(S$6*$E10)-1)), 1/(1+($E10/EXP(S$5))^EXP(S$6)), 1-IFERROR(_xlfn.LOGNORM.DIST($E10,S$5,EXP(S$6),TRUE),0), EXP(-(($E10/EXP(S$5))^EXP(S$6))) ) -> 0.99346864 | T10: =1-(S11/S10) -> 0.026228935 | U10: =$I10*MIN(U9,W10) -> 0.99346864 | V10: =I10*V9*(1-G9) -> 0.99941917 | W10: =$I10*W9*(1-MAX($G9,T9)) -> 0.99346864 | Y10: =N10 -> 0.98725106 | Z10: =U10-N10 -> 0.0062175774 | AA10: =1-U10 -> 0.0065313613 | AB10: =SUM(Y10:AA10) -> 1
A11: 2 | B11: =C10 -> 30.4375 | C11: =B11+Days_per_Month -> 60.875 | D11: =AVERAGE(B11:C11) -> 45.65625 | E11: =D11/Days_per_Month -> 1.5 | F11: =Patient_Baseline_Age+(D11/365.25) -> 60.125 | G11: =INDEX('Life Tables'!$F$8:$F$123,MATCH(Engine!F11,'Life Tables'!$B$8:$B$123,1)) -> 0.00058083007 | H11: =1/(1+Discount_Rate)^ROUNDDOWN(A11/12,0) -> 1 | I11: =IF(E11<Min_Time_Horizon__5_Years___60_Months,1,IF(C11/Days_per_Year<Max_Time_Horizon__in_Years,1,NA())) -> 1 | K11: =$I11*IF($E11>_xlfn.AGGREGATE(4,6,'KM Data'!$B$6:$B$310),NA(),INDEX('KM Data'!$C$6:$C$310,MATCH($E11,'KM Data'!$B$6:$B$310,1))) -> 0.934 | L11: =$I11*CHOOSE(MATCH(K$4,label_curves,0), EXP(-$E11*EXP(L$5)), 1-((EXP(GAMMALN(EXP(L$5)))*_xlfn.GAMMA.DIST(EXP(L$6)*$E11,EXP(L$5),1,TRUE))/_xlfn.GAMMA(EXP(L$5))), IF($E11=0,1, IF(L$7>0,1,0) + IF(L$7>0,-1,1) * IFERROR(_xlfn.GAMMA.DIST((L$7^-2)*EXP(L$7*((LN($E11)-(L$5))/EXP(L$6))),L$7^-2,1,TRUE),0)), EXP(-(EXP(L$5)/L$6)*(EXP(L$6*$E11)-1)), 1/(1+($E11/EXP(L$5))^EXP(L$6)), 1-IFERROR(_xlfn.LOGNORM.DIST($E11,L$5,EXP(L$6),TRUE),0), EXP(-(($E11/EXP(L$5))^EXP(L$6))) ) -> 0.93426997 | M11: =1-(L12/L11) -> 0.058927667 | N11: =$I11*MIN(N10,U11,P11) -> 0.93426997 | O11: =I11*O10*(1-G10) -> 0.99883868 | P11: =$I11*P10*(1-MAX($G10,M10)) -> 0.93426997 | R11: =$I11*IF($E11>_xlfn.AGGREGATE(4,6,'KM Data'!$E$6:$E$205),NA(),INDEX('KM Data'!$F$6:$F$205,MATCH($E11,'KM Data'!$E$6:$E$205,1))) -> 0.962 | S11: =$I11*CHOOSE(MATCH(R$4,label_curves,0), EXP(-$E11*EXP(S$5)), 1-((EXP(GAMMALN(EXP(S$5)))*_xlfn.GAMMA.DIST(EXP(S$6)*$E11,EXP(S$5),1,TRUE))/_xlfn.GAMMA(EXP(S$5))), IF($E11=0,1, IF(S$7>0,1,0) + IF(S$7>0,-1,1) * IFERROR(_xlfn.GAMMA.DIST((S$7^-2)*EXP(S$7*((LN($E11)-(S$5))/EXP(S$6))),S$7^-2,1,TRUE),0)), EXP(-(EXP(S$5)/S$6)*(EXP(S$6*$E11)-1)), 1/(1+($E11/EXP(S$5))^EXP(S$6)), 1-IFERROR(_xlfn.LOGNORM.DIST($E11,S$5,EXP(S$6),TRUE),0), EXP(-(($E11/EXP(S$5))^EXP(S$6))) ) -> 0.96741101 | T11: =1-(S12/S11) -> 0.029250884 | U11: =$I11*MIN(U10,W11) -> 0.96741101 | V11: =I11*V10*(1-G10) -> 0.99883868 | W11: =$I11*W10*(1-MAX($G10,T10)) -> 0.96741101 | Y11: =N11 -> 0.93426997 | Z11: =U11-N11 -> 0.033141045 | AA11: =1-U11 -> 0.032588986 | AB11: =SUM(Y11:AA11) -> 1
A12: 3 | B12: =C11 -> 60.875 | C12: =B12+Days_per_Month -> 91.3125 | D12: =AVERAGE(B12:C12) -> 76.09375 | E12: =D12/Days_per_Month -> 2.5 | F12: =Patient_Baseline_Age+(D12/365.25) -> 60.208333 | G12: =INDEX('Life Tables'!$F$8:$F$123,MATCH(Engine!F12,'Life Tables'!$B$8:$B$123,1)) -> 0.00058083007 | H12: =1/(1+Discount_Rate)^ROUNDDOWN(A12/12,0) -> 1 | I12: =IF(E12<Min_Time_Horizon__5_Years___60_Months,1,IF(C12/Days_per_Year<Max_Time_Horizon__in_Years,1,NA())) -> 1 | K12: =$I12*IF($E12>_xlfn.AGGREGATE(4,6,'KM Data'!$B$6:$B$310),NA(),INDEX('KM Data'!$C$6:$C$310,MATCH($E12,'KM Data'!$B$6:$B$310,1))) -> 0.892 | L12: =$I12*CHOOSE(MATCH(K$4,label_curves,0), EXP(-$E12*EXP(L$5)), 1-((EXP(GAMMALN(EXP(L$5)))*_xlfn.GAMMA.DIST(EXP(L$6)*$E12,EXP(L$5),1,TRUE))/_xlfn.GAMMA(EXP(L$5))), IF($E12=0,1, IF(L$7>0,1,0) + IF(L$7>0,-1,1) * IFERROR(_xlfn.GAMMA.DIST((L$7^-2)*EXP(L$7*((LN($E12)-(L$5))/EXP(L$6))),L$7^-2,1,TRUE),0)), EXP(-(EXP(L$5)/L$6)*(EXP(L$6*$E12)-1)), 1/(1+($E12/EXP(L$5))^EXP(L$6)), 1-IFERROR(_xlfn.LOGNORM.DIST($E12,L$5,EXP(L$6),TRUE),0), EXP(-(($E12/EXP(L$5))^EXP(L$6))) ) -> 0.87921562 | M12: =1-(L13/L12) -> 0.057494682 | N12: =$I12*MIN(N11,U12,P12) -> 0.87921562 | O12: =I12*O11*(1-G11) -> 0.99825852 | P12: =$I12*P11*(1-MAX($G11,M11)) -> 0.87921562 | R12: =$I12*IF($E12>_xlfn.AGGREGATE(4,6,'KM Data'!$E$6:$E$205),NA(),INDEX('KM Data'!$F$6:$F$205,MATCH($E12,'KM Data'!$E$6:$E$205,1))) -> 0.934 | S12: =$I12*CHOOSE(MATCH(R$4,label_curves,0), EXP(-$E12*EXP(S$5)), 1-((EXP(GAMMALN(EXP(S$5)))*_xlfn.GAMMA.DIST(EXP(S$6)*$E12,EXP(S$5),1,TRUE))/_xlfn.GAMMA(EXP(S$5))), IF($E12=0,1, IF(S$7>0,1,0) + IF(S$7>0,-1,1) * IFERROR(_xlfn.GAMMA.DIST((S$7^-2)*EXP(S$7*((LN($E12)-(S$5))/EXP(S$6))),S$7^-2,1,TRUE),0)), EXP(-(EXP(S$5)/S$6)*(EXP(S$6*$E12)-1)), 1/(1+($E12/EXP(S$5))^EXP(S$6)), 1-IFERROR(_xlfn.LOGNORM.DIST($E12,S$5,EXP(S$6),TRUE),0), EXP(-(($E12/EXP(S$5))^EXP(S$6))) ) -> 0.93911339 | T12: =1-(S13/S12) -> 0.029076683 | U12: =$I12*MIN(U11,W12) -> 0.93911339 | V12: =I12*V11*(1-G11) -> 0.99825852 | W12: =$I12*W11*(1-MAX($G11,T11)) -> 0.93911339 | Y12: =N12 -> 0.87921562 | Z12: =U12-N12 -> 0.059897767 | AA12: =1-U12 -> 0.060886613 | AB12: =SUM(Y12:AA12) -> 1
A13: 4 | B13: =C12 -> 91.3125 | C13: =B13+Days_per_Month -> 121.75 | D13: =AVERAGE(B13:C13) -> 106.53125 | E13: =D13/Days_per_Month -> 3.5 | F13: =Patient_Baseline_Age+(D13/365.25) -> 60.291667 | G13: =INDEX('Life Tables'!$F$8:$F$123,MATCH(Engine!F13,'Life Tables'!$B$8:$B$123,1)) -> 0.00058083007 | H13: =1/(1+Discount_Rate)^ROUNDDOWN(A13/12,0) -> 1 | I13: =IF(E13<Min_Time_Horizon__5_Years___60_Months,1,IF(C13/Days_per_Year<Max_Time_Horizon__in_Years,1,NA())) -> 1 | K13: =$I13*IF($E13>_xlfn.AGGREGATE(4,6,'KM Data'!$B$6:$B$310),NA(),INDEX('KM Data'!$C$6:$C$310,MATCH($E13,'KM Data'!$B$6:$B$310,1))) -> 0.86 | L13: =$I13*CHOOSE(MATCH(K$4,label_curves,0), EXP(-$E13*EXP(L$5)), 1-((EXP(GAMMALN(EXP(L$5)))*_xlfn.GAMMA.DIST(EXP(L$6)*$E13,EXP(L$5),1,TRUE))/_xlfn.GAMMA(EXP(L$5))), IF($E13=0,1, IF(L$7>0,1,0) + IF(L$7>0,-1,1) * IFERROR(_xlfn.GAMMA.DIST((L$7^-2)*EXP(L$7*((LN($E13)-(L$5))/EXP(L$6))),L$7^-2,1,TRUE),0)), EXP(-(EXP(L$5)/L$6)*(EXP(L$6*$E13)-1)), 1/(1+($E13/EXP(L$5))^EXP(L$6)), 1-IFERROR(_xlfn.LOGNORM.DIST($E13,L$5,EXP(L$6),TRUE),0), EXP(-(($E13/EXP(L$5))^EXP(L$6))) ) -> 0.8286654 | M13: =1-(L14/L13) -> 0.054895159 | N13: =$I13*MIN(N12,U13,P13) -> 0.8286654 | O13: =I13*O12*(1-G12) -> 0.9976787 | P13: =$I13*P12*(1-MAX($G12,M12)) -> 0.8286654 | R13: =$I13*IF($E13>_xlfn.AGGREGATE(4,6,'KM Data'!$E$6:$E$205),NA(),INDEX('KM Data'!$F$6:$F$205,MATCH($E13,'KM Data'!$E$6:$E$205,1))) -> 0.918 | S13: =$I13*CHOOSE(MATCH(R$4,label_curves,0), EXP(-$E13*EXP(S$5)), 1-((EXP(GAMMALN(EXP(S$5)))*_xlfn.GAMMA.DIST(EXP(S$6)*$E13,EXP(S$5),1,TRUE))/_xlfn.GAMMA(EXP(S$5))), IF($E13=0,1, IF(S$7>0,1,0) + IF(S$7>0,-1,1) * IFERROR(_xlfn.GAMMA.DIST((S$7^-2)*EXP(S$7*((LN($E13)-(S$5))/EXP(S$6))),S$7^-2,1,TRUE),0)), EXP(-(EXP(S$5)/S$6)*(EXP(S$6*$E13)-1)), 1/(1+($E13/EXP(S$5))^EXP(S$6)), 1-IFERROR(_xlfn.LOGNORM.DIST($E13,S$5,EXP(S$6),TRUE),0), EXP(-(($E13/EXP(S$5))^EXP(S$6))) ) -> 0.91180709 | T13: =1-(S14/S13) -> 0.028199713 | U13: =$I13*MIN(U12,W13) -> 0.91180709 | V13: =I13*V12*(1-G12) -> 0.9976787 | W13: =$I13*W12*(1-MAX($G12,T12)) -> 0.91180709 | Y13: =N13 -> 0.8286654 | Z13: =U13-N13 -> 0.083141688 | AA13: =1-U13 -> 0.088192915 | AB13: =SUM(Y13:AA13) -> 1
A14: 5 | B14: =C13 -> 121.75 | C14: =B14+Days_per_Month -> 152.1875 | D14: =AVERAGE(B14:C14) -> 136.96875 | E14: =D14/Days_per_Month -> 4.5 | F14: =Patient_Baseline_Age+(D14/365.25) -> 60.375 | G14: =INDEX('Life Tables'!$F$8:$F$123,MATCH(Engine!F14,'Life Tables'!$B$8:$B$123,1)) -> 0.00058083007 | H14: =1/(1+Discount_Rate)^ROUNDDOWN(A14/12,0) -> 1 | I14: =IF(E14<Min_Time_Horizon__5_Years___60_Months,1,IF(C14/Days_per_Year<Max_Time_Horizon__in_Years,1,NA())) -> 1 | K14: =$I14*IF($E14>_xlfn.AGGREGATE(4,6,'KM Data'!$B$6:$B$310),NA(),INDEX('KM Data'!$C$6:$C$310,MATCH($E14,'KM Data'!$B$6:$B$310,1))) -> 0.836 | L14: =$I14*CHOOSE(MATCH(K$4,label_curves,0), EXP(-$E14*EXP(L$5)), 1-((EXP(GAMMALN(EXP(L$5)))*_xlfn.GAMMA.DIST(EXP(L$6)*$E14,EXP(L$5),1,TRUE))/_xlfn.GAMMA(EXP(L$5))), IF($E14=0,1, IF(L$7>0,1,0) + IF(L$7>0,-1,1) * IFERROR(_xlfn.GAMMA.DIST((L$7^-2)*EXP(L$7*((LN($E14)-(L$5))/EXP(L$6))),L$7^-2,1,TRUE),0)), EXP(-(EXP(L$5)/L$6)*(EXP(L$6*$E14)-1)), 1/(1+($E14/EXP(L$5))^EXP(L$6)), 1-IFERROR(_xlfn.LOGNORM.DIST($E14,L$5,EXP(L$6),TRUE),0), EXP(-(($E14/EXP(L$5))^EXP(L$6))) ) -> 0.78317568 | M14: =1-(L15/L14) -> 0.052188328 | N14: =$I14*MIN(N13,U14,P14) -> 0.78317568 | O14: =I14*O13*(1-G13) -> 0.99709922 | P14: =$I14*P13*(1-MAX($G13,M13)) -> 0.78317568 | R14: =$I14*IF($E14>_xlfn.AGGREGATE(4,6,'KM Data'!$E$6:$E$205),NA(),INDEX('KM Data'!$F$6:$F$205,MATCH($E14,'KM Data'!$E$6:$E$205,1))) -> 0.884 | S14: =$I14*CHOOSE(MATCH(R$4,label_curves,0), EXP(-$E14*EXP(S$5)), 1-((EXP(GAMMALN(EXP(S$5)))*_xlfn.GAMMA.DIST(EXP(S$6)*$E14,EXP(S$5),1,TRUE))/_xlfn.GAMMA(EXP(S$5))), IF($E14=0,1, IF(S$7>0,1,0) + IF(S$7>0,-1,1) * IFERROR(_xlfn.GAMMA.DIST((S$7^-2)*EXP(S$7*((LN($E14)-(S$5))/EXP(S$6))),S$7^-2,1,TRUE),0)), EXP(-(EXP(S$5)/S$6)*(EXP(S$6*$E14)-1)), 1/(1+($E14/EXP(S$5))^EXP(S$6)), 1-IFERROR(_xlfn.LOGNORM.DIST($E14,S$5,EXP(S$6),TRUE),0), EXP(-(($E14/EXP(S$5))^EXP(S$6))) ) -> 0.88609439 | T14: =1-(S15/S14) -> 0.027159912 | U14: =$I14*MIN(U13,W14) -> 0.88609439 | V14: =I14*V13*(1-G13) -> 0.99709922 | W14: =$I14*W13*(1-MAX($G13,T13)) -> 0.88609439 | Y14: =N14 -> 0.78317568 | Z14: =U14-N14 -> 0.10291871 | AA14: =1-U14 -> 0.11390561 | AB14: =SUM(Y14:AA14) -> 1
A15: 6 | B15: =C14 -> 152.1875 | C15: =B15+Days_per_Month -> 182.625 | D15: =AVERAGE(B15:C15) -> 167.40625 | E15: =D15/Days_per_Month -> 5.5 | F15: =Patient_Baseline_Age+(D15/365.25) -> 60.458333 | G15: =INDEX('Life Tables'!$F$8:$F$123,MATCH(Engine!F15,'Life Tables'!$B$8:$B$123,1)) -> 0.00058083007 | H15: =1/(1+Discount_Rate)^ROUNDDOWN(A15/12,0) -> 1 | I15: =IF(E15<Min_Time_Horizon__5_Years___60_Months,1,IF(C15/Days_per_Year<Max_Time_Horizon__in_Years,1,NA())) -> 1 | K15: =$I15*IF($E15>_xlfn.AGGREGATE(4,6,'KM Data'!$B$6:$B$310),NA(),INDEX('KM Data'!$C$6:$C$310,MATCH($E15,'KM Data'!$B$6:$B$310,1))) -> 0.8 | L15: =$I15*CHOOSE(MATCH(K$4,label_curves,0), EXP(-$E15*EXP(L$5)), 1-((EXP(GAMMALN(EXP(L$5)))*_xlfn.GAMMA.DIST(EXP(L$6)*$E15,EXP(L$5),1,TRUE))/_xlfn.GAMMA(EXP(L$5))), IF($E15=0,1, IF(L$7>0,1,0) + IF(L$7>0,-1,1) * IFERROR(_xlfn.GAMMA.DIST((L$7^-2)*EXP(L$7*((LN($E15)-(L$5))/EXP(L$6))),L$7^-2,1,TRUE),0)), EXP(-(EXP(L$5)/L$6)*(EXP(L$6*$E15)-1)), 1/(1+($E15/EXP(L$5))^EXP(L$6)), 1-IFERROR(_xlfn.LOGNORM.DIST($E15,L$5,EXP(L$6),TRUE),0), EXP(-(($E15/EXP(L$5))^EXP(L$6))) ) -> 0.74230305 | M15: =1-(L16/L15) -> 0.049639205 | N15: =$I15*MIN(N14,U15,P15) -> 0.74230305 | O15: =I15*O14*(1-G14) -> 0.99652008 | P15: =$I15*P14*(1-MAX($G14,M14)) -> 0.74230305 | R15: =$I15*IF($E15>_xlfn.AGGREGATE(4,6,'KM Data'!$E$6:$E$205),NA(),INDEX('KM Data'!$F$6:$F$205,MATCH($E15,'KM Data'!$E$6:$E$205,1))) -> 0.858 | S15: =$I15*CHOOSE(MATCH(R$4,label_curves,0), EXP(-$E15*EXP(S$5)), 1-((EXP(GAMMALN(EXP(S$5)))*_xlfn.GAMMA.DIST(EXP(S$6)*$E15,EXP(S$5),1,TRUE))/_xlfn.GAMMA(EXP(S$5))), IF($E15=0,1, IF(S$7>0,1,0) + IF(S$7>0,-1,1) * IFERROR(_xlfn.GAMMA.DIST((S$7^-2)*EXP(S$7*((LN($E15)-(S$5))/EXP(S$6))),S$7^-2,1,TRUE),0)), EXP(-(EXP(S$5)/S$6)*(EXP(S$6*$E15)-1)), 1/(1+($E15/EXP(S$5))^EXP(S$6)), 1-IFERROR(_xlfn.LOGNORM.DIST($E15,S$5,EXP(S$6),TRUE),0), EXP(-(($E15/EXP(S$5))^EXP(S$6))) ) -> 0.86202814 | T15: =1-(S16/S15) -> 0.026118316 | U15: =$I15*MIN(U14,W15) -> 0.86202814 | V15: =I15*V14*(1-G14) -> 0.99652008 | W15: =$I15*W14*(1-MAX($G14,T14)) -> 0.86202814 | Y15: =N15 -> 0.74230305 | Z15: =U15-N15 -> 0.11972509 | AA15: =1-U15 -> 0.13797186 | AB15: =SUM(Y15:AA15) -> 1
A16: 7 | B16: =C15 -> 182.625 | C16: =B16+Days_per_Month -> 213.0625 | D16: =AVERAGE(B16:C16) -> 197.84375 | E16: =D16/Days_per_Month -> 6.5 | F16: =Patient_Baseline_Age+(D16/365.25) -> 60.541667 | G16: =INDEX('Life Tables'!$F$8:$F$123,MATCH(Engine!F16,'Life Tables'!$B$8:$B$123,1)) -> 0.00058083007 | H16: =1/(1+Discount_Rate)^ROUNDDOWN(A16/12,0) -> 1 | I16: =IF(E16<Min_Time_Horizon__5_Years___60_Months,1,IF(C16/Days_per_Year<Max_Time_Horizon__in_Years,1,NA())) -> 1 | K16: =$I16*IF($E16>_xlfn.AGGREGATE(4,6,'KM Data'!$B$6:$B$310),NA(),INDEX('KM Data'!$C$6:$C$310,MATCH($E16,'KM Data'!$B$6:$B$310,1))) -> 0.754 | L16: =$I16*CHOOSE(MATCH(K$4,label_curves,0), EXP(-$E16*EXP(L$5)), 1-((EXP(GAMMALN(EXP(L$5)))*_xlfn.GAMMA.DIST(EXP(L$6)*$E16,EXP(L$5),1,TRUE))/_xlfn.GAMMA(EXP(L$5))), IF($E16=0,1, IF(L$7>0,1,0) + IF(L$7>0,-1,1) * IFERROR(_xlfn.GAMMA.DIST((L$7^-2)*EXP(L$7*((LN($E16)-(L$5))/EXP(L$6))),L$7^-2,1,TRUE),0)), EXP(-(EXP(L$5)/L$6)*(EXP(L$6*$E16)-1)), 1/(1+($E16/EXP(L$5))^EXP(L$6)), 1-IFERROR(_xlfn.LOGNORM.DIST($E16,L$5,EXP(L$6),TRUE),0), EXP(-(($E16/EXP(L$5))^EXP(L$6))) ) -> 0.70545572 | M16: =1-(L17/L16) -> 0.047308373 | N16: =$I16*MIN(N15,U16,P16) -> 0.70545572 | O16: =I16*O15*(1-G15) -> 0.99594127 | P16: =$I16*P15*(1-MAX($G15,M15)) -> 0.70545572 | R16: =$I16*IF($E16>_xlfn.AGGREGATE(4,6,'KM Data'!$E$6:$E$205),NA(),INDEX('KM Data'!$F$6:$F$205,MATCH($E16,'KM Data'!$E$6:$E$205,1))) -> 0.834 | S16: =$I16*CHOOSE(MATCH(R$4,label_curves,0), EXP(-$E16*EXP(S$5)), 1-((EXP(GAMMALN(EXP(S$5)))*_xlfn.GAMMA.DIST(EXP(S$6)*$E16,EXP(S$5),1,TRUE))/_xlfn.GAMMA(EXP(S$5))), IF($E16=0,1, IF(S$7>0,1,0) + IF(S$7>0,-1,1) * IFERROR(_xlfn.GAMMA.DIST((S$7^-2)*EXP(S$7*((LN($E16)-(S$5))/EXP(S$6))),S$7^-2,1,TRUE),0)), EXP(-(EXP(S$5)/S$6)*(EXP(S$6*$E16)-1)), 1/(1+($E16/EXP(S$5))^EXP(S$6)), 1-IFERROR(_xlfn.LOGNORM.DIST($E16,S$5,EXP(S$6),TRUE),0), EXP(-(($E16/EXP(S$5))^EXP(S$6))) ) -> 0.83951342 | T16: =1-(S17/S16) -> 0.025127664 | U16: =$I16*MIN(U15,W16) -> 0.83951342 | V16: =I16*V15*(1-G15) -> 0.99594127 | W16: =$I16*W15*(1-MAX($G15,T15)) -> 0.83951342 | Y16: =N16 -> 0.70545572 | Z16: =U16-N16 -> 0.1340577 | AA16: =1-U16 -> 0.16048658 | AB16: =SUM(Y16:AA16) -> 1
A17: 8 | B17: =C16 -> 213.0625 | C17: =B17+Days_per_Month -> 243.5 | D17: =AVERAGE(B17:C17) -> 228.28125 | E17: =D17/Days_per_Month -> 7.5 | F17: =Patient_Baseline_Age+(D17/365.25) -> 60.625 | G17: =INDEX('Life Tables'!$F$8:$F$123,MATCH(Engine!F17,'Life Tables'!$B$8:$B$123,1)) -> 0.00058083007 | H17: =1/(1+Discount_Rate)^ROUNDDOWN(A17/12,0) -> 1 | I17: =IF(E17<Min_Time_Horizon__5_Years___60_Months,1,IF(C17/Days_per_Year<Max_Time_Horizon__in_Years,1,NA())) -> 1 | K17: =$I17*IF($E17>_xlfn.AGGREGATE(4,6,'KM Data'!$B$6:$B$310),NA(),INDEX('KM Data'!$C$6:$C$310,MATCH($E17,'KM Data'!$B$6:$B$310,1))) -> 0.73 | L17: =$I17*CHOOSE(MATCH(K$4,label_curves,0), EXP(-$E17*EXP(L$5)), 1-((EXP(GAMMALN(EXP(L$5)))*_xlfn.GAMMA.DIST(EXP(L$6)*$E17,EXP(L$5),1,TRUE))/_xlfn.GAMMA(EXP(L$5))), IF($E17=0,1, IF(L$7>0,1,0) + IF(L$7>0,-1,1) * IFERROR(_xlfn.GAMMA.DIST((L$7^-2)*EXP(L$7*((LN($E17)-(L$5))/EXP(L$6))),L$7^-2,1,TRUE),0)), EXP(-(EXP(L$5)/L$6)*(EXP(L$6*$E17)-1)), 1/(1+($E17/EXP(L$5))^EXP(L$6)), 1-IFERROR(_xlfn.LOGNORM.DIST($E17,L$5,EXP(L$6),TRUE),0), EXP(-(($E17/EXP(L$5))^EXP(L$6))) ) -> 0.67208175 | M17: =1-(L18/L17) -> 0.045195469 | N17: =$I17*MIN(N16,U17,P17) -> 0.67208175 | O17: =I17*O16*(1-G16) -> 0.99536279 | P17: =$I17*P16*(1-MAX($G16,M16)) -> 0.67208175 | R17: =$I17*IF($E17>_xlfn.AGGREGATE(4,6,'KM Data'!$E$6:$E$205),NA(),INDEX('KM Data'!$F$6:$F$205,MATCH($E17,'KM Data'!$E$6:$E$205,1))) -> 0.822 | S17: =$I17*CHOOSE(MATCH(R$4,label_curves,0), EXP(-$E17*EXP(S$5)), 1-((EXP(GAMMALN(EXP(S$5)))*_xlfn.GAMMA.DIST(EXP(S$6)*$E17,EXP(S$5),1,TRUE))/_xlfn.GAMMA(EXP(S$5))), IF($E17=0,1, IF(S$7>0,1,0) + IF(S$7>0,-1,1) * IFERROR(_xlfn.GAMMA.DIST((S$7^-2)*EXP(S$7*((LN($E17)-(S$5))/EXP(S$6))),S$7^-2,1,TRUE),0)), EXP(-(EXP(S$5)/S$6)*(EXP(S$6*$E17)-1)), 1/(1+($E17/EXP(S$5))^EXP(S$6)), 1-IFERROR(_xlfn.LOGNORM.DIST($E17,S$5,EXP(S$6),TRUE),0), EXP(-(($E17/EXP(S$5))^EXP(S$6))) ) -> 0.81841841 | T17: =1-(S18/S17) -> 0.024203586 | U17: =$I17*MIN(U16,W17) -> 0.81841841 | V17: =I17*V16*(1-G16) -> 0.99536279 | W17: =$I17*W16*(1-MAX($G16,T16)) -> 0.81841841 | Y17: =N17 -> 0.67208175 | Z17: =U17-N17 -> 0.14633665 | AA17: =1-U17 -> 0.18158159 | AB17: =SUM(Y17:AA17) -> 1
A18: 9 | B18: =C17 -> 243.5 | C18: =B18+Days_per_Month -> 273.9375 | D18: =AVERAGE(B18:C18) -> 258.71875 | E18: =D18/Days_per_Month -> 8.5 | F18: =Patient_Baseline_Age+(D18/365.25) -> 60.708333 | G18: =INDEX('Life Tables'!$F$8:$F$123,MATCH(Engine!F18,'Life Tables'!$B$8:$B$123,1)) -> 0.00058083007 | H18: =1/(1+Discount_Rate)^ROUNDDOWN(A18/12,0) -> 1 | I18: =IF(E18<Min_Time_Horizon__5_Years___60_Months,1,IF(C18/Days_per_Year<Max_Time_Horizon__in_Years,1,NA())) -> 1 | K18: =$I18*IF($E18>_xlfn.AGGREGATE(4,6,'KM Data'!$B$6:$B$310),NA(),INDEX('KM Data'!$C$6:$C$310,MATCH($E18,'KM Data'!$B$6:$B$310,1))) -> 0.694 | L18: =$I18*CHOOSE(MATCH(K$4,label_curves,0), EXP(-$E18*EXP(L$5)), 1-((EXP(GAMMALN(EXP(L$5)))*_xlfn.GAMMA.DIST(EXP(L$6)*$E18,EXP(L$5),1,TRUE))/_xlfn.GAMMA(EXP(L$5))), IF($E18=0,1, IF(L$7>0,1,0) + IF(L$7>0,-1,1) * IFERROR(_xlfn.GAMMA.DIST((L$7^-2)*EXP(L$7*((LN($E18)-(L$5))/EXP(L$6))),L$7^-2,1,TRUE),0)), EXP(-(EXP(L$5)/L$6)*(EXP(L$6*$E18)-1)), 1/(1+($E18/EXP(L$5))^EXP(L$6)), 1-IFERROR(_xlfn.LOGNORM.DIST($E18,L$5,EXP(L$6),TRUE),0), EXP(-(($E18/EXP(L$5))^EXP(L$6))) ) -> 0.6417067 | M18: =1-(L19/L18) -> 0.04328199 | N18: =$I18*MIN(N17,U18,P18) -> 0.6417067 | O18: =I18*O17*(1-G17) -> 0.99478466 | P18: =$I18*P17*(1-MAX($G17,M17)) -> 0.6417067 | R18: =$I18*IF($E18>_xlfn.AGGREGATE(4,6,'KM Data'!$E$6:$E$205),NA(),INDEX('KM Data'!$F$6:$F$205,MATCH($E18,'KM Data'!$E$6:$E$205,1))) -> 0.808 | S18: =$I18*CHOOSE(MATCH(R$4,label_curves,0), EXP(-$E18*EXP(S$5)), 1-((EXP(GAMMALN(EXP(S$5)))*_xlfn.GAMMA.DIST(EXP(S$6)*$E18,EXP(S$5),1,TRUE))/_xlfn.GAMMA(EXP(S$5))), IF($E18=0,1, IF(S$7>0,1,0) + IF(S$7>0,-1,1) * IFERROR(_xlfn.GAMMA.DIST((S$7^-2)*EXP(S$7*((LN($E18)-(S$5))/EXP(S$6))),S$7^-2,1,TRUE),0)), EXP(-(EXP(S$5)/S$6)*(EXP(S$6*$E18)-1)), 1/(1+($E18/EXP(S$5))^EXP(S$6)), 1-IFERROR(_xlfn.LOGNORM.DIST($E18,S$5,EXP(S$6),TRUE),0), EXP(-(($E18/EXP(S$5))^EXP(S$6))) ) -> 0.79860975 | T18: =1-(S19/S18) -> 0.023347847 | U18: =$I18*MIN(U17,W18) -> 0.79860975 | V18: =I18*V17*(1-G17) -> 0.99478466 | W18: =$I18*W17*(1-MAX($G17,T17)) -> 0.79860975 | Y18: =N18 -> 0.6417067 | Z18: =U18-N18 -> 0.15690304 | AA18: =1-U18 -> 0.20139025 | AB18: =SUM(Y18:AA18) -> 1
A19: 10 | B19: =C18 -> 273.9375 | C19: =B19+Days_per_Month -> 304.375 | D19: =AVERAGE(B19:C19) -> 289.15625 | E19: =D19/Days_per_Month -> 9.5 | F19: =Patient_Baseline_Age+(D19/365.25) -> 60.791667 | G19: =INDEX('Life Tables'!$F$8:$F$123,MATCH(Engine!F19,'Life Tables'!$B$8:$B$123,1)) -> 0.00058083007 | H19: =1/(1+Discount_Rate)^ROUNDDOWN(A19/12,0) -> 1 | I19: =IF(E19<Min_Time_Horizon__5_Years___60_Months,1,IF(C19/Days_per_Year<Max_Time_Horizon__in_Years,1,NA())) -> 1 | K19: =$I19*IF($E19>_xlfn.AGGREGATE(4,6,'KM Data'!$B$6:$B$310),NA(),INDEX('KM Data'!$C$6:$C$310,MATCH($E19,'KM Data'!$B$6:$B$310,1))) -> 0.658 | L19: =$I19*CHOOSE(MATCH(K$4,label_curves,0), EXP(-$E19*EXP(L$5)), 1-((EXP(GAMMALN(EXP(L$5)))*_xlfn.GAMMA.DIST(EXP(L$6)*$E19,EXP(L$5),1,TRUE))/_xlfn.GAMMA(EXP(L$5))), IF($E19=0,1, IF(L$7>0,1,0) + IF(L$7>0,-1,1) * IFERROR(_xlfn.GAMMA.DIST((L$7^-2)*EXP(L$7*((LN($E19)-(L$5))/EXP(L$6))),L$7^-2,1,TRUE),0)), EXP(-(EXP(L$5)/L$6)*(EXP(L$6*$E19)-1)), 1/(1+($E19/EXP(L$5))^EXP(L$6)), 1-IFERROR(_xlfn.LOGNORM.DIST($E19,L$5,EXP(L$6),TRUE),0), EXP(-(($E19/EXP(L$5))^EXP(L$6))) ) -> 0.61393236 | M19: =1-(L20/L19) -> 0.041545451 | N19: =$I19*MIN(N18,U19,P19) -> 0.61393236 | O19: =I19*O18*(1-G18) -> 0.99420686 | P19: =$I19*P18*(1-MAX($G18,M18)) -> 0.61393236 | R19: =$I19*IF($E19>_xlfn.AGGREGATE(4,6,'KM Data'!$E$6:$E$205),NA(),INDEX('KM Data'!$F$6:$F$205,MATCH($E19,'KM Data'!$E$6:$E$205,1))) -> 0.792 | S19: =$I19*CHOOSE(MATCH(R$4,label_curves,0), EXP(-$E19*EXP(S$5)), 1-((EXP(GAMMALN(EXP(S$5)))*_xlfn.GAMMA.DIST(EXP(S$6)*$E19,EXP(S$5),1,TRUE))/_xlfn.GAMMA(EXP(S$5))), IF($E19=0,1, IF(S$7>0,1,0) + IF(S$7>0,-1,1) * IFERROR(_xlfn.GAMMA.DIST((S$7^-2)*EXP(S$7*((LN($E19)-(S$5))/EXP(S$6))),S$7^-2,1,TRUE),0)), EXP(-(EXP(S$5)/S$6)*(EXP(S$6*$E19)-1)), 1/(1+($E19/EXP(S$5))^EXP(S$6)), 1-IFERROR(_xlfn.LOGNORM.DIST($E19,S$5,EXP(S$6),TRUE),0), EXP(-(($E19/EXP(S$5))^EXP(S$6))) ) -> 0.77996393 | T19: =1-(S20/S19) -> 0.022556969 | U19: =$I19*MIN(U18,W19) -> 0.77996393 | V19: =I19*V18*(1-G18) -> 0.99420686 | W19: =$I19*W18*(1-MAX($G18,T18)) -> 0.77996393 | Y19: =N19 -> 0.61393236 | Z19: =U19-N19 -> 0.16603157 | AA19: =1-U19 -> 0.22003607 | AB19: =SUM(Y19:AA19) -> 1
A20: 11 | B20: =C19 -> 304.375 | C20: =B20+Days_per_Month -> 334.8125 | D20: =AVERAGE(B20:C20) -> 319.59375 | E20: =D20/Days_per_Month -> 10.5 | F20: =Patient_Baseline_Age+(D20/365.25) -> 60.875 | G20: =INDEX('Life Tables'!$F$8:$F$123,MATCH(Engine!F20,'Life Tables'!$B$8:$B$123,1)) -> 0.00058083007 | H20: =1/(1+Discount_Rate)^ROUNDDOWN(A20/12,0) -> 1 | I20: =IF(E20<Min_Time_Horizon__5_Years___60_Months,1,IF(C20/Days_per_Year<Max_Time_Horizon__in_Years,1,NA())) -> 1 | K20: =$I20*IF($E20>_xlfn.AGGREGATE(4,6,'KM Data'!$B$6:$B$310),NA(),INDEX('KM Data'!$C$6:$C$310,MATCH($E20,'KM Data'!$B$6:$B$310,1))) -> 0.62 | L20: =$I20*CHOOSE(MATCH(K$4,label_curves,0), EXP(-$E20*EXP(L$5)), 1-((EXP(GAMMALN(EXP(L$5)))*_xlfn.GAMMA.DIST(EXP(L$6)*$E20,EXP(L$5),1,TRUE))/_xlfn.GAMMA(EXP(L$5))), IF($E20=0,1, IF(L$7>0,1,0) + IF(L$7>0,-1,1) * IFERROR(_xlfn.GAMMA.DIST((L$7^-2)*EXP(L$7*((LN($E20)-(L$5))/EXP(L$6))),L$7^-2,1,TRUE),0)), EXP(-(EXP(L$5)/L$6)*(EXP(L$6*$E20)-1)), 1/(1+($E20/EXP(L$5))^EXP(L$6)), 1-IFERROR(_xlfn.LOGNORM.DIST($E20,L$5,EXP(L$6),TRUE),0), EXP(-(($E20/EXP(L$5))^EXP(L$6))) ) -> 0.58842626 | M20: =1-(L21/L20) -> 0.039964185 | N20: =$I20*MIN(N19,U20,P20) -> 0.58842626 | O20: =I20*O19*(1-G19) -> 0.99362939 | P20: =$I20*P19*(1-MAX($G19,M19)) -> 0.58842626 | R20: =$I20*IF($E20>_xlfn.AGGREGATE(4,6,'KM Data'!$E$6:$E$205),NA(),INDEX('KM Data'!$F$6:$F$205,MATCH($E20,'KM Data'!$E$6:$E$205,1))) -> 0.772 | S20: =$I20*CHOOSE(MATCH(R$4,label_curves,0), EXP(-$E20*EXP(S$5)), 1-((EXP(GAMMALN(EXP(S$5)))*_xlfn.GAMMA.DIST(EXP(S$6)*$E20,EXP(S$5),1,TRUE))/_xlfn.GAMMA(EXP(S$5))), IF($E20=0,1, IF(S$7>0,1,0) + IF(S$7>0,-1,1) * IFERROR(_xlfn.GAMMA.DIST((S$7^-2)*EXP(S$7*((LN($E20)-(S$5))/EXP(S$6))),S$7^-2,1,TRUE),0)), EXP(-(EXP(S$5)/S$6)*(EXP(S$6*$E20)-1)), 1/(1+($E20/EXP(S$5))^EXP(S$6)), 1-IFERROR(_xlfn.LOGNORM.DIST($E20,S$5,EXP(S$6),TRUE),0), EXP(-(($E20/EXP(S$5))^EXP(S$6))) ) -> 0.76237031 | T20: =1-(S21/S20) -> 0.021825686 | U20: =$I20*MIN(U19,W20) -> 0.76237031 | V20: =I20*V19*(1-G19) -> 0.99362939 | W20: =$I20*W19*(1-MAX($G19,T19)) -> 0.76237031 | Y20: =N20 -> 0.58842626 | Z20: =U20-N20 -> 0.17394404 | AA20: =1-U20 -> 0.23762969 | AB20: =SUM(Y20:AA20) -> 1
A21: 12 | B21: =C20 -> 334.8125 | C21: =B21+Days_per_Month -> 365.25 | D21: =AVERAGE(B21:C21) -> 350.03125 | E21: =D21/Days_per_Month -> 11.5 | F21: =Patient_Baseline_Age+(D21/365.25) -> 60.958333 | G21: =INDEX('Life Tables'!$F$8:$F$123,MATCH(Engine!F21,'Life Tables'!$B$8:$B$123,1)) -> 0.00058083007 | H21: =1/(1+Discount_Rate)^ROUNDDOWN(A21/12,0) -> 0.96618357 | I21: =IF(E21<Min_Time_Horizon__5_Years___60_Months,1,IF(C21/Days_per_Year<Max_Time_Horizon__in_Years,1,NA())) -> 1 | K21: =$I21*IF($E21>_xlfn.AGGREGATE(4,6,'KM Data'!$B$6:$B$310),NA(),INDEX('KM Data'!$C$6:$C$310,MATCH($E21,'KM Data'!$B$6:$B$310,1))) -> 0.594 | L21: =$I21*CHOOSE(MATCH(K$4,label_curves,0), EXP(-$E21*EXP(L$5)), 1-((EXP(GAMMALN(EXP(L$5)))*_xlfn.GAMMA.DIST(EXP(L$6)*$E21,EXP(L$5),1,TRUE))/_xlfn.GAMMA(EXP(L$5))), IF($E21=0,1, IF(L$7>0,1,0) + IF(L$7>0,-1,1) * IFERROR(_xlfn.GAMMA.DIST((L$7^-2)*EXP(L$7*((LN($E21)-(L$5))/EXP(L$6))),L$7^-2,1,TRUE),0)), EXP(-(EXP(L$5)/L$6)*(EXP(L$6*$E21)-1)), 1/(1+($E21/EXP(L$5))^EXP(L$6)), 1-IFERROR(_xlfn.LOGNORM.DIST($E21,L$5,EXP(L$6),TRUE),0), EXP(-(($E21/EXP(L$5))^EXP(L$6))) ) -> 0.56491029 | M21: =1-(L22/L21) -> 0.038518825 | N21: =$I21*MIN(N20,U21,P21) -> 0.56491029 | O21: =I21*O20*(1-G20) -> 0.99305226 | P21: =$I21*P20*(1-MAX($G20,M20)) -> 0.56491029 | R21: =$I21*IF($E21>_xlfn.AGGREGATE(4,6,'KM Data'!$E$6:$E$205),NA(),INDEX('KM Data'!$F$6:$F$205,MATCH($E21,'KM Data'!$E$6:$E$205,1))) -> 0.768 | S21: =$I21*CHOOSE(MATCH(R$4,label_curves,0), EXP(-$E21*EXP(S$5)), 1-((EXP(GAMMALN(EXP(S$5)))*_xlfn.GAMMA.DIST(EXP(S$6)*$E21,EXP(S$5),1,TRUE))/_xlfn.GAMMA(EXP(S$5))), IF($E21=0,1, IF(S$7>0,1,0) + IF(S$7>0,-1,1) * IFERROR(_xlfn.GAMMA.DIST((S$7^-2)*EXP(S$7*((LN($E21)-(S$5))/EXP(S$6))),S$7^-2,1,TRUE),0)), EXP(-(EXP(S$5)/S$6)*(EXP(S$6*$E21)-1)), 1/(1+($E21/EXP(S$5))^EXP(S$6)), 1-IFERROR(_xlfn.LOGNORM.DIST($E21,S$5,EXP(S$6),TRUE),0), EXP(-(($E21/EXP(S$5))^EXP(S$6))) ) -> 0.74573105 | T21: =1-(S22/S21) -> 0.02114838 | U21: =$I21*MIN(U20,W21) -> 0.74573105 | V21: =I21*V20*(1-G20) -> 0.99305226 | W21: =$I21*W20*(1-MAX($G20,T20)) -> 0.74573105 | Y21: =N21 -> 0.56491029 | Z21: =U21-N21 -> 0.18082076 | AA21: =1-U21 -> 0.25426895 | AB21: =SUM(Y21:AA21) -> 1
... A609: 600 | B609: =C608 -> 18232.062 | C609: =B609+Days_per_Month -> 18262.5 | D609: =AVERAGE(B609:C609) -> 18247.281 | E609: =D609/Days_per_Month -> 599.5 | F609: =Patient_Baseline_Age+(D609/365.25) -> 109.95833 | G609: =INDEX('Life Tables'!$F$8:$F$123,MATCH(Engine!F609,'Life Tables'!$B$8:$B$123,1)) -> 1 | H609: =1/(1+Discount_Rate)^ROUNDDOWN(A609/12,0) -> 0.17905337 | I609: =IF(E609<Min_Time_Horizon__5_Years___60_Months,1,IF(C609/Days_per_Year<Max_Time_Horizon__in_Years,1,NA())) -> #N/A | K609: =$I609*IF($E609>_xlfn.AGGREGATE(4,6,'KM Data'!$B$6:$B$310),NA(),INDEX('KM Data'!$C$6:$C$310,MATCH($E609,'KM Data'!$B$6:$B$310,1))) -> #N/A | L609: =$I609*CHOOSE(MATCH(K$4,label_curves,0), EXP(-$E609*EXP(L$5)), 1-((EXP(GAMMALN(EXP(L$5)))*_xlfn.GAMMA.DIST(EXP(L$6)*$E609,EXP(L$5),1,TRUE))/_xlfn.GAMMA(EXP(L$5))), IF($E609=0,1, IF(L$7>0,1,0) + IF(L$7>0,-1,1) * IFERROR(_xlfn.GAMMA.DIST((L$7^-2)*EXP(L$7*((LN($E609)-(L$5))/EXP(L$6))),L$7^-2,1,TRUE),0)), EXP(-(EXP(L$5)/L$6)*(EXP(L$6*$E609)-1)), 1/(1+($E609/EXP(L$5))^EXP(L$6)), 1-IFERROR(_xlfn.LOGNORM.DIST($E609,L$5,EXP(L$6),TRUE),0), EXP(-(($E609/EXP(L$5))^EXP(L$6))) ) -> #N/A | M609: =1-(L610/L609) -> #N/A | N609: =$I609*MIN(N608,U609,P609) -> #N/A | O609: =I609*O608*(1-G608) -> #N/A | P609: =$I609*P608*(1-MAX($G608,M608)) -> #N/A | R609: =$I609*IF($E609>_xlfn.AGGREGATE(4,6,'KM Data'!$E$6:$E$205),NA(),INDEX('KM Data'!$F$6:$F$205,MATCH($E609,'KM Data'!$E$6:$E$205,1))) -> #N/A | S609: =$I609*CHOOSE(MATCH(R$4,label_curves,0), EXP(-$E609*EXP(S$5)), 1-((EXP(GAMMALN(EXP(S$5)))*_xlfn.GAMMA.DIST(EXP(S$6)*$E609,EXP(S$5),1,TRUE))/_xlfn.GAMMA(EXP(S$5))), IF($E609=0,1, IF(S$7>0,1,0) + IF(S$7>0,-1,1) * IFERROR(_xlfn.GAMMA.DIST((S$7^-2)*EXP(S$7*((LN($E609)-(S$5))/EXP(S$6))),S$7^-2,1,TRUE),0)), EXP(-(EXP(S$5)/S$6)*(EXP(S$6*$E609)-1)), 1/(1+($E609/EXP(S$5))^EXP(S$6)), 1-IFERROR(_xlfn.LOGNORM.DIST($E609,S$5,EXP(S$6),TRUE),0), EXP(-(($E609/EXP(S$5))^EXP(S$6))) ) -> #N/A | T609: =1-(S610/S609) -> #N/A | U609: =$I609*MIN(U608,W609) -> #N/A | V609: =I609*V608*(1-G608) -> #N/A | W609: =$I609*W608*(1-MAX($G608,T608)) -> #N/A | Y609: =N609 -> #N/A | Z609: =U609-N609 -> #N/A | AA609: =1-U609 -> #N/A | AB609: =SUM(Y609:AA609) -> #N/A

Sheet Life Tables
B2: Mortality Rates
B4: Reference: | C4: National Life Tables, England & Wales, 2021-2023
B7: Age | C7: Male (qx) | D7: Female (qx) | E7: Weighted Average | F7: Per Cycle
B8: 0 | C8: 0.004548 | D8: 0.003571 | E8: =C8*(1-Per_Cent_Female)+'Life Tables'!D8*Per_Cent_Female -> 0.00418651 | F8: =IF(E8=1,1,1-EXP(-(1-EXP(Days_per_Month/Days_per_Year/(_xlfn.IFNA(B9-B8,1))*LN(1-E8))))) -> 0.00034948597
B9: 1 | C9: 0.00024 | D9: 0.000221 | E9: =C9*(1-Per_Cent_Female)+'Life Tables'!D9*Per_Cent_Female -> 0.00023297 | F9: =IF(E9=1,1,1-EXP(-(1-EXP(Days_per_Month/Days_per_Year/(_xlfn.IFNA(B10-B9,1))*LN(1-E9))))) -> 1.9416051e-05
B10: 2 | C10: 0.000169 | D10: 0.000139 | E10: =C10*(1-Per_Cent_Female)+'Life Tables'!D10*Per_Cent_Female -> 0.0001579 | F10: =IF(E10=1,1,1-EXP(-(1-EXP(Days_per_Month/Days_per_Year/(_xlfn.IFNA(B11-B10,1))*LN(1-E10))))) -> 1.3159199e-05
B11: 3 | C11: 0.000115 | D11: 9.5e-05 | E11: =C11*(1-Per_Cent_Female)+'Life Tables'!D11*Per_Cent_Female -> 0.0001076 | F11: =IF(E11=1,1,1-EXP(-(1-EXP(Days_per_Month/Days_per_Year/(_xlfn.IFNA(B12-B11,1))*LN(1-E11))))) -> 8.9670687e-06
B12: 4 | C12: 8.6e-05 | D12: 6.8e-05 | E12: =C12*(1-Per_Cent_Female)+'Life Tables'!D12*Per_Cent_Female -> 7.934e-05 | F12: =IF(E12=1,1,1-EXP(-(1-EXP(Days_per_Month/Days_per_Year/(_xlfn.IFNA(B13-B12,1))*LN(1-E12))))) -> 6.6118852e-06
B13: 5 | C13: 8.5e-05 | D13: 6.9e-05 | E13: =C13*(1-Per_Cent_Female)+'Life Tables'!D13*Per_Cent_Female -> 7.908e-05 | F13: =IF(E13=1,1,1-EXP(-(1-EXP(Days_per_Month/Days_per_Year/(_xlfn.IFNA(B14-B13,1))*LN(1-E13))))) -> 6.5902172e-06
B14: 6 | C14: 6.9e-05 | D14: 6.9e-05 | E14: =C14*(1-Per_Cent_Female)+'Life Tables'!D14*Per_Cent_Female -> 6.9e-05 | F14: =IF(E14=1,1,1-EXP(-(1-EXP(Days_per_Month/Days_per_Year/(_xlfn.IFNA(B15-B14,1))*LN(1-E14))))) -> 5.7501653e-06
B15: 7 | C15: 7e-05 | D15: 5.9e-05 | E15: =C15*(1-Per_Cent_Female)+'Life Tables'!D15*Per_Cent_Female -> 6.593e-05 | F15: =IF(E15=1,1,1-EXP(-(1-EXP(Days_per_Month/Days_per_Year/(_xlfn.IFNA(B16-B15,1))*LN(1-E15))))) -> 5.4943176e-06
B16: 8 | C16: 7.7e-05 | D16: 6.2e-05 | E16: =C16*(1-Per_Cent_Female)+'Life Tables'!D16*Per_Cent_Female -> 7.145e-05 | F16: =IF(E16=1,1,1-EXP(-(1-EXP(Days_per_Month/Days_per_Year/(_xlfn.IFNA(B17-B16,1))*LN(1-E16))))) -> 5.9543439e-06
B17: 9 | C17: 7.2e-05 | D17: 6.1e-05 | E17: =C17*(1-Per_Cent_Female)+'Life Tables'!D17*Per_Cent_Female -> 6.793e-05 | F17: =IF(E17=1,1,1-EXP(-(1-EXP(Days_per_Month/Days_per_Year/(_xlfn.IFNA(B18-B17,1))*LN(1-E17))))) -> 5.6609936e-06
B18: 10 | C18: 6e-05 | D18: 6.6e-05 | E18: =C18*(1-Per_Cent_Female)+'Life Tables'!D18*Per_Cent_Female -> 6.222e-05 | F18: =IF(E18=1,1,1-EXP(-(1-EXP(Days_per_Month/Days_per_Year/(_xlfn.IFNA(B19-B18,1))*LN(1-E18))))) -> 5.1851344e-06
B19: 11 | C19: 9.2e-05 | D19: 7.3e-05 | E19: =C19*(1-Per_Cent_Female)+'Life Tables'!D19*Per_Cent_Female -> 8.497e-05 | F19: =IF(E19=1,1,1-EXP(-(1-EXP(Days_per_Month/Days_per_Year/(_xlfn.IFNA(B20-B19,1))*LN(1-E19))))) -> 7.081084e-06
... B123: 115 | C123: 1 | D123: 1 | E123: =C123*(1-Per_Cent_Female)+'Life Tables'!D123*Per_Cent_Female -> 1 | F123: =IF(E123=1,1,1-EXP(-(1-EXP(Days_per_Month/Days_per_Year/(_xlfn.IFNA(B124-B123,1))*LN(1-E123))))) -> 1

Sheet Inputs
A2: Patient Baseline Age | B2: 60
A3: Discount Rate | B3: 0.035
A4: Cycle Length (monthly) | B4: =Days_per_Month -> 30.4375
A5: Days per Year | B5: 365.25
A6: Days per Month | B6: =B5/12 -> 30.4375
A7: Min Time Horizon (5 Years / 60 Months) | B7: 60
A8: Max Time Horizon (in Years) | B8: 50
A10: Survival Model - OS | B10: Lognormal | D10: Exponential
A11: Survival Model - PFS | B11: Lognormal | D11: Gamma
D12: Generalized Gamma
A13: Per Cent Female | B13: 0.37 | D13: Gompertz
D14: Loglogistic
A15: PFS Utility | B15: 0.85 | D15: Lognormal
A16: PD Utility | B16: 0.6 | D16: Weibull
A18: PFS Cost Annually | B18: 3000
A19: PD Cost Annually | B19: 7500
A20: Treatment Acquisition Cost (Annually) | B20: 50000

Sheet Survival Parameters
B2: PFS: All Distribution Parameters | F2: OS: All Distribution Parameters
B4: Distribution | C4: Parameter | D4: Value | F4: Distribution | G4: Parameter | H4: Value
B5: Exponential | C5: Log Rate | D5: -3.101957 | F5: Exponential | G5: Log Rate | H5: -3.796074
B6: Gamma | C6: Log Shape | D6: 0.003540126 | F6: Gamma | G6: Log Shape | H6: -0.05631579
B7: Gamma | C7: Log Rate | D7: -3.0973039 | F7: Gamma | G7: Log Rate | H7: -3.8910444
B8: Generalized Gamma | C8: Mu | D8: 3.1278506 | F8: Generalized Gamma | G8: Mu | H8: 3.7388218
B9: Generalized Gamma | C9: Log Sigma | D9: -0.04580748 | F9: Generalized Gamma | G9: Log Sigma | H9: 0.3380247
B10: Generalized Gamma | C10: Q | D10: 1.0860139 | F10: Generalized Gamma | G10: Q | H10: 0.4853067
B11: Gompertz | C11: Rate | D11: -3.1130562 | F11: Gompertz | G11: Rate | H11: -3.698734
B12: Gompertz | C12: Shape | D12: 0.001129188 | F12: Gompertz | G12: Shape | H12: -0.009039672
B13: Loglogistic | C13: Log Scale | D13: 2.7083952 | F13: Loglogistic | G13: Log Scale | H13: 3.5117886
B14: Loglogistic | C14: Log Shape | D14: 0.2128493 | F14: Loglogistic | G14: Log Shape | H14: 0.06580348
B15: Lognormal | C15: Mu | D15: 2.6898593 | F15: Lognormal | G15: Mu | H15: 3.58073
B16: Lognormal | C16: Log Sigma | D16: 0.4150718 | F16: Lognormal | G16: Log Sigma | H16: 0.5434347
... B18: Weibull | C18: Log Shape | D18: 0.005773069 | F18: Weibull | G18: Log Shape | H18: -0.05135438

Sheet KM Data
B2: Treatment A
B4: PFS: KM Data | E4: OS: KM Data
B5: Time (Months) | C5: Survival Probability | E5: Time (Months) | F5: Survival Probability
B6: 0 | C6: 1 | E6: 0 | F6: 1
B7: 0.05 | C7: 0.998 | E7: 0.24 | F7: 0.998
B8: 0.06 | C8: 0.996 | E8: 0.26 | F8: 0.996
B9: 0.08 | C9: 0.994 | E9: 0.33 | F9: 0.994
B10: 0.13 | C10: 0.992 | E10: 0.43 | F10: 0.992
B11: 0.14 | C11: 0.988 | E11: 0.51 | F11: 0.99
B12: 0.17 | C12: 0.986 | E12: 0.54 | F12: 0.988
B13: 0.18 | C13: 0.984 | E13: 0.57 | F13: 0.986
B14: 0.3 | C14: 0.982 | E14: 0.68 | F14: 0.984
B15: 0.37 | C15: 0.978 | E15: 0.73 | F15: 0.982
B16: 0.38 | C16: 0.976 | E16: 0.79 | F16: 0.98
B17: 0.48 | C17: 0.974 | E17: 0.86 | F17: 0.978
... B205: 12.59 | C205: 0.554 | E205: 24 | F205: 0.586
B206: 12.62 | C206: 0.552
B207: 12.68 | C207: 0.55
B208: 12.69 | C208: 0.548
B209: 12.7 | C209: 0.546
B210: 12.78 | C210: 0.544
B211: 12.84 | C211: 0.542
B212: 12.89 | C212: 0.54
B213: 13 | C213: 0.538
B214: 13.18 | C214: 0.536
B215: 13.2 | C215: 0.534
B216: 13.27 | C216: 0.532
B217: 13.32 | C217: 0.53
... B310: 24 | C310: 0.34

Sheet TTE
A1: PFS | D1: OS
A2: time | B2: event | D2: time | E2: event
A3: 0.05 | B3: 1 | D3: 0.24 | E3: 1
A4: 0.06 | B4: 1 | D4: 0.26 | E4: 1
A5: 0.08 | B5: 1 | D5: 0.33 | E5: 1
A6: 0.13 | B6: 1 | D6: 0.43 | E6: 1
A7: 0.14 | B7: 1 | D7: 0.51 | E7: 1
A8: 0.14 | B8: 1 | D8: 0.54 | E8: 1
A9: 0.17 | B9: 1 | D9: 0.57 | E9: 1
A10: 0.18 | B10: 1 | D10: 0.68 | E10: 1
A11: 0.3 | B11: 1 | D11: 0.73 | E11: 1
A12: 0.37 | B12: 1 | D12: 0.79 | E12: 1
A13: 0.37 | B13: 1 | D13: 0.86 | E13: 1
A14: 0.38 | B14: 1 | D14: 0.98 | E14: 1
... A502: 24 | B502: 0 | D502: 24 | E502: 0
